시작 시간,종료 시간,내용
00:00:08.97,00:00:11.54,다음 영상에서 만나요!
00:01:35.67,00:01:38.78,다음 영상에서 만나요
00:02:30.06,00:02:57.71,헬로우 어제 이어서 하는 치즈 스케치입니다 어제 해보신 분은 알겠지만 이건 여러분이 직접 제시어를 제안할 수 있는데요 음... 거두절미하고 바로 시작해보도록 할까요 시청자 제안
00:03:02.01,00:03:19.51,음... 제한시간까지 진행 이것도 있네?
00:03:19.53,00:03:26.98,첫 정답 시 즉시 종료 아니면 그림을 완성할 때까지 정답자를 받느냐 음...
00:03:36.58,00:04:02.24,이번엔 제한시간까지 진행을 한번 해 보도록 할까요 하여튼 느낌표 제시어 단어로 채팅으로 이렇게 신청을 주시면 주제가 제한이 된답니다 따라라라
00:04:07.80,00:04:14.96,자유롭게 자 주십시오 방금 라면 한 개를 끓여 먹었더니
00:04:47.51,00:05:13.16,다음 영상에서 만나요
00:05:19.33,00:05:42.52,짠 짠 짠 짠 짠 제시어가 모이고 있습니다 이쯤에서 중단해볼까요?
00:05:42.54,00:05:42.56,얍
00:05:48.46,00:06:12.49,자아... 아 이건...
00:06:14.63,00:06:25.35,이제 문제를 맞춰도 바로 정답이라고 안 뜨니까 천천히 그리도록 하겠습니다.
00:06:41.06,00:06:41.32,제시어 어깨깡패 이승권.
00:06:41.34,00:06:41.42,음...
00:06:44.60,00:06:47.47,"이렇게 해갖고... 아, 씨발 더 그릴 게 없는데?"
00:06:47.49,00:06:51.78,이러면?
00:06:59.96,00:07:00.38,즉답으로 할 걸 그랬나?
00:07:00.40,00:07:03.31,40초 동안 뭘 채워 넣어야 되지?
00:07:18.03,00:07:35.41,음 이건 즉답이 차라리 나을 것 같은데 내 그림 속도가 생각보다 빨라서 정답 인원수 채워지면 끝나는 그런 건 없나?
00:07:35.43,00:07:42.84,그것까진 없는 것 같습니다 이건 맞힌 사람이 생각보다 그리는 시간 줄이는 기능도 있던데
00:07:43.30,00:08:01.68,맞춘 사람 굉장히 많아요 약 60명이 맞춰주셨습니다 정답은 엿보기 구멍 아 이거 즉답으로 해야겠다 이거 너무 쉽죠?
00:08:01.69,00:08:12.85,첫 정답 시 즉시 종료 아 단어제한을 다시 받아야겠네요 이번엔 100개 정도만 받고 바로 시작해보도록 하겠습니다
00:08:14.95,00:08:29.11,오 생각보다 빨리 늘어났는데요?
00:08:29.13,00:08:41.16,한 200개까지만 받아도 되겠는데?
00:08:41.18,00:08:41.62,중단!
00:08:41.64,00:08:41.92,주제어를 뭐 이딴 걸로..
00:09:10.61,00:09:13.59,하!
00:09:13.61,00:09:14.83,하!
00:09:14.85,00:09:14.89,하!
00:09:15.07,00:09:17.51,하!
00:09:17.53,00:09:17.89,하!
00:09:17.95,00:09:18.19,하!
00:09:18.21,00:09:18.33,하!
00:09:18.79,00:09:21.94,하!
00:09:22.18,00:09:31.99,하!
00:09:33.05,00:09:33.09,하!
00:09:33.11,00:09:33.15,하!
00:09:33.17,00:09:33.21,하!
00:09:33.23,00:09:33.27,하!
00:09:33.29,00:09:33.33,하!
00:09:33.35,00:09:33.39,하!
00:09:33.41,00:09:33.45,하!
00:09:33.47,00:09:33.51,하!
00:09:33.53,00:09:33.57,하!
00:09:33.59,00:09:33.63,하!
00:09:33.65,00:09:33.69,하!
00:09:33.71,00:09:33.75,하!
00:09:33.77,00:09:33.81,하!
00:09:33.83,00:09:33.87,하!
00:09:33.89,00:09:33.93,하!
00:09:33.95,00:09:33.99,하!
00:09:34.01,00:09:34.05,하!
00:09:34.07,00:09:34.11,하!
00:09:34.13,00:09:34.17,하!
00:09:34.19,00:09:34.23,하!
00:09:34.25,00:09:34.29,하!
00:09:34.31,00:09:34.35,하!
00:09:34.37,00:09:34.41,하!
00:09:34.43,00:09:34.47,하!
00:09:34.49,00:09:34.53,하!
00:09:34.55,00:09:34.59,하!
00:09:34.61,00:09:34.65,하!
00:09:34.67,00:09:34.71,하!
00:09:34.73,00:09:34.77,하!
00:09:34.79,00:09:34.83,하!
00:09:34.85,00:09:34.89,하!
00:09:34.91,00:09:34.95,하!
00:09:34.97,00:09:35.01,하!
00:09:35.03,00:09:35.07,하!
00:09:35.09,00:09:35.13,하!
00:09:35.15,00:09:35.19,하!
00:09:35.21,00:09:35.25,하!
00:09:35.27,00:09:35.31,하!
00:09:35.33,00:09:35.37,하!
00:09:35.39,00:09:35.43,하!
00:09:35.45,00:09:35.49,하!
00:09:35.51,00:09:35.55,하!
00:09:35.57,00:09:35.61,하!
00:09:35.63,00:09:35.67,하!
00:09:35.69,00:09:35.73,하!
00:09:35.75,00:09:35.79,하!
00:09:35.81,00:09:35.85,하!
00:09:35.87,00:09:35.91,하!
00:09:35.93,00:09:35.97,하!
00:09:35.99,00:09:36.03,하!
00:09:36.05,00:09:36.09,하!
00:09:36.11,00:09:36.15,하!
00:09:36.17,00:09:36.21,하!
00:09:36.23,00:09:36.27,하!
00:09:36.29,00:09:36.33,하!
00:09:36.35,00:09:36.39,하!
00:09:36.41,00:09:36.45,하!
00:09:36.47,00:09:36.51,하!
00:09:36.53,00:09:36.57,하!
00:09:36.59,00:09:36.63,하!
00:09:36.65,00:09:36.69,하!
00:09:36.71,00:09:36.75,하!
00:09:36.77,00:09:36.81,하!
00:09:36.83,00:09:36.87,하!
00:09:36.89,00:09:36.93,하!
00:09:36.95,00:09:36.99,하!
00:09:37.01,00:09:37.05,하!
00:09:37.07,00:09:37.11,하!
00:09:37.13,00:09:37.17,하!
00:09:37.19,00:09:37.23,하!
00:09:37.25,00:09:37.29,하!
00:09:37.31,00:09:37.35,하!
00:09:37.37,00:09:37.41,하!
00:09:37.43,00:09:37.47,하!
00:09:37.49,00:09:37.53,하!
00:09:37.55,00:09:37.59,하!
00:09:37.61,00:09:37.65,하!
00:09:37.67,00:09:37.71,하!
00:09:37.73,00:09:37.77,하!
00:09:37.79,00:09:37.83,하!
00:09:37.85,00:09:37.89,하!
00:09:37.91,00:09:37.95,하!
00:09:37.97,00:09:38.01,하!
00:09:38.03,00:09:38.07,하!
00:09:38.09,00:09:38.13,하!
00:09:38.15,00:09:38.19,하!
00:09:38.21,00:09:38.25,하!
00:09:38.27,00:09:38.31,하!
00:09:38.33,00:09:38.37,하!
00:09:38.39,00:09:38.43,하!
00:09:38.45,00:09:38.49,하!
00:09:38.51,00:09:38.55,하!
00:09:38.57,00:09:38.61,하!
00:09:38.63,00:09:38.67,하!
00:09:38.69,00:09:38.73,하!
00:09:38.75,00:09:38.79,하!
00:09:38.81,00:09:38.85,하!
00:09:38.87,00:09:38.91,하!
00:09:38.93,00:09:38.97,하!
00:09:38.99,00:09:39.03,하!
00:09:39.05,00:09:39.09,하!
00:09:39.11,00:09:39.15,하!
00:09:39.17,00:09:39.21,하!
00:09:41.07,00:09:59.94,그 다음은?
00:10:28.08,00:10:51.64,정답 역반이걸 해봐 나 사실 이 가슴 로켓 가슴 약간 그 탄력있는 로켓 가슴을 그렸을 때 이미 맞출 거라고 예상했는데 정답은 내 마음이었습니다 자 다음 다음
00:11:01.75,00:11:31.53,잠깐만..
00:11:35.02,00:12:04.57,어 맞네 똑같이 그렸네 정답 버츄버와 합방제하는 레바 정답은 루리드래곤이었습니다 루리드래곤 표지죠 그래도 보이실 거라고 예상합니다 또래 또래
00:12:07.79,00:12:31.88,너 루리드래곤 본 적 없냐?
00:12:31.90,00:12:32.16,이렇게 하고 이렇게 하고
00:12:45.26,00:13:15.04,정답은 산재디나기 오타쿠 아직 살아있네요 그래도 아직 자들 살아있네 하야테처럼에 나오는 산재디나기고요 아시는 분은 보일 겁니다 할아버지들 총 출동했네
00:13:20.63,00:13:39.56,으음... 으아...
00:13:52.72,00:14:20.92,정답은 파이츠리였습니다 어제와는 다르게 그려봤어요 다음 파이츠리 그만 좀 하라고 아니 계속 신청을 하는데 어떡해 아니 파이츠리가 아니었다고?
00:14:20.95,00:14:21.02,충격이다
00:14:26.47,00:14:43.23,그 다음은 여기 갱생레바를 그리워하는 방송인가요?
00:15:36.20,00:15:43.21,"참고로 이 게임 단골 단어들이자 최대 신청 단어들은 섹스, 파이즈리, 펠라치오, 노코난사, 교배아저씨다."
00:16:04.16,00:16:05.28,와 이걸 못 맞춰?
00:16:05.85,00:16:30.96,진짜 실망스럽다 정답은 타이가였습니다 토라도라에서 수영장 속에서 뽕이 빠져버린 타이가의 가슴 뽕을 넣어주는 장면인데요 어제보다 난이도가 좀 높아졌죠?
00:16:35.60,00:16:55.13,음... 어?
00:16:55.15,00:16:55.51,이번엔 좀 스피드 퀴즈 되겠는데?
00:16:55.53,00:17:02.20,레바야 진짜 미안한데 나이 서른다섯살 먹고 이런거 그리는거 조금 그래
00:17:02.47,00:17:04.53,정답은 아이언맨.
00:17:04.59,00:17:31.65,나 돌아 돌아보면서 그런 거 못 봤는데 그런 게 있음?
00:17:31.67,00:17:31.73,있어.
00:17:31.75,00:17:31.97,못 봤으면 다시 봐.
00:17:49.06,00:17:54.89,정답은 브라이어였습니다.
00:17:55.43,00:18:18.86,롤 챔피언 중에 브라이어라는 챔피언이 있죠.
00:18:18.88,00:18:19.00,또래또래 음
00:18:30.52,00:18:57.15,어제 나왔던 주제들이 너무 많은데 그림 맞추기 대회 입니다
00:19:05.82,00:19:19.98,어제 거의 다섯 시간 했는데 아무래도 그렇죠 천박하고 더러운 주제 찾는 중이요 어?
00:19:23.70,00:19:33.80,아이 씨X 이거는 너무 넘겨짚은 거 아닌가요?
00:19:33.82,00:19:33.84,짠
00:19:36.75,00:20:04.42,"왜, 나오지도 않았는데."
00:20:04.44,00:20:05.14,아직 안 빨았어.
00:20:05.16,00:20:06.44,"레바야, 어제도 말했지만 쓰레기 매립지에서 깨끗한 거 찾지 말고 더러운 거에 우물 더 뿌려서 알아먹기 힘들게 해라."
00:20:06.84,00:20:23.08,너는 그게 어울려.
00:20:23.10,00:20:23.39,아... 그 예라도 맞춰?
00:20:23.41,00:20:24.67,"자, 바지 너머로 밝게 한 모습을 그려봤는데요."
00:20:24.69,00:20:25.15,점점 현대미술 같아지지 않나요?
00:20:25.41,00:20:35.42,너무 빨리 맞추니까?
00:20:35.44,00:20:35.58,재능 X되네.
00:20:40.61,00:20:47.23,진짜 진정한 개쉽 변태들에게 정수리를 보입니다 이 묻힌 사람들아
00:21:17.60,00:21:23.69,이거 아니 그냥 형태만 보고도 그냥 시험에 맞추는 거냐?
00:21:23.71,00:21:38.95,정답은 예토전생이었습니다 왜 오타쿠들 밖에 없으니까 이거 영 장기적으로 그리기 존나 힘드네
00:21:51.87,00:22:21.86,음~~ 음~~ 으음~~
00:22:23.72,00:22:47.78,아니 애니랑 천박한 걸 빼면 랩바 방송에 뭐가 남죠?
00:22:47.80,00:22:48.00,버튜버가 남습니다.
00:22:49.67,00:23:18.32,정답은 곰돌이 팬티
00:23:19.37,00:23:26.80,아주 정직하게 그렸죠?
00:23:26.82,00:23:47.06,다시 말하지만 이것들은 여러분이 제시한 제시어이기 때문에 저에게 탓을 하셔도 소용이 없습니다.
00:23:48.66,00:23:59.16,니가 골랐죠?
00:23:59.18,00:24:13.32,어디 보자... 정상적인 것도 많았다는 것도 해트라는 것을 미리 알려드립니다 정상적인 거 하면 개노잼 이 지랄하면서 막 염병 떨거면서 다시 한번 말하지만 레바가 직접 선별해서 그랜 거기 때문에 레바가 묻힌 놈입니다 반바감받음
00:24:15.83,00:24:31.55,맛있게 잘 먹었습니다.
00:24:37.70,00:25:07.37,정답은 라이스 샤워 사실 저 앞머리만 나왔어도 맞추는 각인데 말이죠 자 다음
00:25:11.72,00:25:36.02,오늘 영상은 여기까지!
00:25:36.61,00:26:03.77,아주 담백했죠?
00:26:06.57,00:26:36.15,정답은 고추였습니다 게임 맞다니까 이 자식 지금까지 나온 거 다 랩아 취향임
00:26:36.94,00:26:59.18,시랄하지마.
00:26:59.20,00:26:59.38,"그래, 그때였어."
00:26:59.40,00:26:59.58,그게 시작이었지.
00:26:59.60,00:26:59.94,레빠가 그걸 그리기 시작한 건.
00:26:59.96,00:27:04.38,점점 박지 작가님의 레바님 펜 만화가 현실이 되어가고 있다.
00:27:08.68,00:27:35.31,정답은 나카노 요추바 맞추는 속도가 좀 떨어져요 리본만 나왔어도 맞췄어야지
00:27:42.77,00:28:07.34,자 다음 아 벌써 한 문제 다 끝났네요 1등 축하드립니다 이라스터님 그림 목록을 한번 볼까요 주제랑 보니까 진짜 그냥 딱 보이지 않나요 이게 왜 이거냐 라는 말이 절대 나오지 않습니다
00:28:13.45,00:28:15.61,3번은 버티브 아니냐고?
00:28:15.63,00:28:15.71,아닌데?
00:28:15.73,00:28:30.15,루리 드래곤 표지를 안 봤구나 산젠이 나기 파이즈리 타이가 이 타이가는 아무도 못 맞췄단 말이죠?
00:28:30.17,00:28:35.90,이건 고증 X되게 그렸는데
00:28:41.06,00:28:59.54,"아이언맨, 브라이어, 모유, 발기, 예토전생, 곰돌이 팬티, 라이스 샤워, 코츄... 코츄는 존... 존다골 때리네."
00:28:59.56,00:29:02.48,근데 15라운드인데 왜 26명 참가하고 나오는 거임?
00:29:02.50,00:29:02.58,글쎄요.
00:29:03.06,00:29:08.65,"아, 그 문제... 그... 맞춘 사람이랑 제시어를 낸 사람."
00:29:08.67,00:29:10.37,"이렇게, 이렇게 내는 것 같은데요?"
00:29:15.92,00:29:29.19,자 제시어를 다시 받도록 하겠습니다 주제 선정 꼬라지 보니까 네빠님의 취향이 보이네요 니들이 제시어 받을 때 채팅창을 봐 그런 거 밖에 안 나와 내 잘못이 아니야
00:29:58.80,00:30:18.92,으 으 으
00:30:31.35,00:31:00.28,600개가 훨씬 넘었네요
00:31:00.83,00:31:08.73,중단!
00:31:08.75,00:31:08.83,어디보자
00:31:47.90,00:31:55.17,아 정답은 디지캐럿 이거 너무 쉬웠죠?
00:31:55.83,00:32:17.75,검은 개미님 축하드립니다 주제 꼬라지 봐라
00:32:18.14,00:32:44.40,어디 보자 어디 보자
00:33:00.05,00:33:07.01,근데 이거 유튜브에 올릴 거면 진짜 멀쩡한 주제도 많았다는 걸 고지해줘야 함.
00:33:26.78,00:33:27.69,와아!
00:33:30.67,00:33:30.73,씨발!
00:33:30.75,00:33:31.03,"와, 어떻게 맞췄어?"
00:33:31.61,00:33:47.09,"아직... 씨발, 지포천성 뚫고 나오는 구미를 그리지도 않았는데 이건 맞춘 사람이 대단하죠?"
00:33:56.65,00:33:57.58,음~~
00:34:25.05,00:34:30.34,이래도 맞추네 ㅅㅂ 너무 직관적이었나요?
00:34:33.42,00:34:46.64,아니... 개비어였습니다 개비어가 뭔지 모르냐고?
00:34:46.66,00:34:48.44,이렇게 생겼던데?
00:34:49.22,00:34:49.32,알모쉐끼야
00:34:57.93,00:35:25.22,으 으 으 으 으 으 으 으 으 으 으 으 으 으 으 으 으 으 으 으 으 으 으 으 으 으 으 으 으 으 으 으 으 으 으 으 으 으 으 으 으 으 으 으 으 으 으 으 으 으 으 으 으 으 으 으 으 으 으 으 으 으 으 으 으 으 으 으 으 으 으 으 으 으 으 으 으 으 으 으 으 으 으 으 으 으 으 으 으 으 으 으 으 으 으 으 으 으 으 으 으 으 으 으 으 으 으 으 으 으 으 으 으 으 으 으 으 으 으 으 으 으 으 으 으 으 으 으 으 으 으 으 으 으 으 으 으 으 으 으 으 으 으 으 으 으 으 으 으 으 으 으 으 으 으 으 으 으 으 으 으 으 으 으 으 으 으 으 으 으 으 으 으 으 으 으 으 으 으 으 으 으 으 으 으 으 으 으 으 으 으 으 으 으 으 으 으 으 으 으 으 으 으 으 으 으 으 으 으 으 으 으 으 으 으 으 으 으 으 으 으 으 으 으
00:35:29.28,00:35:55.76,ㅅㅂ 맞췄어 아 야 좀 그리고 맞춰라 야
00:36:00.09,00:36:29.30,안티 스파이럴을 그리고 있었는데요.
00:36:29.32,00:36:29.56,중간에 맞춰버렸습니다.
00:36:29.58,00:36:29.76,음... 음...
00:36:32.05,00:36:59.59,아니에요 당신도 맞출 수 있어요 어디 보자 어디 보자 씨발 주제로 레바 병신은 뭐냐?
00:36:59.61,00:37:01.17,야 이 새끼야 내가 여기 닉네임 다 뜬다고
00:37:04.10,00:37:30.71,근데 케마 고인물도 제시어 꼬라지 때문에 순발력 망한 크크크크
00:37:32.84,00:37:53.51,니 보지 말라고 제발!
00:37:53.53,00:37:58.23,검은색 배경에 점 몇 개선 약간 그렸는데 맞추는 괴수들 사이에서 넌 할 수 있다고?
00:37:58.25,00:37:59.34,선생님 저희를 너무 믿으시는군요.
00:38:19.19,00:38:40.46,정답은 자쿠즈렉 노논이었습니다 킬라키라 나오는 캐릭터죠 좋아요 이런 거 그렇게 좋아?
00:38:45.90,00:38:46.56,복장이 왜 이러냐고?
00:38:48.71,00:38:48.96,원래 이럽니다 고증이에요
00:38:52.86,00:39:09.72,한 번 보자 음~~
00:39:19.47,00:39:38.39,뭘 해도 금방 금방 맞출 것 같아서 정말 신중하게 고르게 된단 말이죠?
00:39:38.41,00:39:38.85,너무한 거 아니야?
00:39:59.90,00:40:22.81,정답은 가디안이었습니다 가디안 흉부부터 하체까지 한번 그려봤어요 어떻게 아냐니요 이렇게 순식간에 맞춰버리는데
00:40:26.73,00:40:36.91,음~~
00:40:58.39,00:41:14.26,아멘
00:41:27.10,00:41:28.18,이것도 맞죠?
00:41:29.36,00:41:46.13,리코리스 리코일에 같이 가면서 발로 까는 장면이 나오죠?
00:41:46.15,00:41:47.45,이것도 너무 쉬웠나요?
00:41:55.38,00:42:04.51,정답 맞추신 선생님들 정말로 알고 맞추시나요?
00:42:04.53,00:42:05.71,아니면 일단 아무거나 말해봤는데 정답이 되는 건가요?
00:42:05.73,00:42:09.44,저 지금 너무너무 궁금해요.
00:42:09.46,00:42:20.07,어느 정도 그림완성을 좀 본 사람들은 많이 보일걸?
00:42:20.09,00:42:20.17,음...
00:42:26.58,00:42:51.35,근칭 야스를 주제로 제안 주신 웬하체님 대체 무슨 의도죠?
00:42:51.37,00:42:52.21,다음부터 이런 거 신청하지 마세요 이거 맞추는 애들 이미 답안지 받았다니까?
00:42:52.23,00:42:53.13,크크크크 일단 저급한 단어들 미리 밑밥 깔면 스피드 퀴즈는 얻어 걸릴 수 있습니다
00:42:55.02,00:43:01.27,그 정답은 어디 치지집 채널 들어오시면 레바집 CCTV 확인날 수 있어요.
00:43:01.29,00:43:18.21,그 초소형 무기 로봇으로 몰래 확인나는 거임.
00:43:18.23,00:43:18.67,아니 뭔 똥구멍 같은 걸 주제로 던지냐.
00:43:18.69,00:43:18.91,레알 이해 안 되네.
00:43:30.93,00:43:32.03,음~~
00:43:56.64,00:44:08.50,아 이거 내가 예전에 너무 많이 그렸나?
00:44:08.52,00:44:09.26,이것도 금방 맞추네.
00:44:14.52,00:44:15.93,랑종 공포영화 아니냐고요?
00:44:15.95,00:44:16.03,맞아요.
00:44:16.05,00:44:16.23,뭔 장면이냐고요?
00:44:16.25,00:44:23.51,당신 생각하는 게 맞아.
00:44:23.53,00:44:24.92,시발 악마를 보았다 아님.
00:44:24.94,00:44:25.32,악마를 보았다는 거 어제 그렸잖아.
00:44:40.76,00:45:09.61,송이버섯 정답이에요 금방금방 맞추는군요 평범한 주제도 음모라니요 씨발 땅에 묻혀있을 때 이렇게 풀밭을 이렇게 딱 그리려는 건데
00:45:11.82,00:45:29.41,털이 아니고 풀밭이야 이렇게 생겼던데요?
00:45:32.31,00:45:37.04,내놈의 응모 다 뽑아주마
00:45:41.45,00:46:00.05,어디보자 그거 음해예요
00:46:20.45,00:46:22.86,씨발 눈깔만 맞춰도 맞추네?
00:46:23.10,00:46:32.99,아니 어떻게 맞췄어?
00:46:33.01,00:46:34.15,그냥 지르고 보는 거 아니야?
00:46:34.89,00:46:35.27,어떻게 맞췄지?
00:46:49.46,00:47:01.58,음... 어디 보자...
00:47:17.07,00:47:46.72,너무 엄청나게 어제 나왔던 주제가 진짜 많긴 하네
00:47:56.00,00:48:09.30,이게 끝인데요?
00:48:09.32,00:48:17.15,제시어 목록은 이거 완료되면 아예 싹 날아가는 걸로 알고 있는데요?
00:48:28.11,00:48:53.85,그럼 네가 따로 적어두면 되잖아.
00:48:53.87,00:48:54.19,미친 새끼가.
00:48:54.21,00:48:55.25,정답은 무책히였습니다.
00:48:55.27,00:48:57.07,너무 정보를 많이 드렸죠?
00:49:03.53,00:49:20.07,음 아 진짜 너무 잘 맞춘다 사람들 음
00:49:32.51,00:49:54.65,어디 보자 천장딸은 뭐야 대체 저거 그냥 맞추지 말라고 내는 주제어냐?
00:49:56.67,00:50:24.11,형 나 사실 출근하기 싫어서 담주 플루연 잡아갔는데 담주에 평일 방송 있어 평범한 주제 한번 갈까?
00:50:25.92,00:50:49.95,정답은 LP였습니다 LP판을 그려봤고요
00:50:55.70,00:51:02.49,아주 무난했지만 그래도 빨리 맞춰주셨습니다.
00:51:03.49,00:51:04.13,노잼 이지라!
00:51:06.38,00:51:06.62,야 이 개자식아!
00:51:06.64,00:51:19.73,평범한 거 하라며!
00:51:19.76,00:51:20.28,"와, 나 왜 인공수정이라고 생각했지?"
00:51:20.30,00:51:23.48,나 처음에 저거 보고 포켓몬 기술 머신인 줄 알았잖아!
00:51:25.52,00:51:48.89,나 진짜 건전하긴 한가벼 왜 보자마자 학문 LP 붙어가 ㅋㅋ
00:51:53.45,00:52:20.43,또또또또또또또또또또또 이번에도 평범한 주제에 가주지 어어어어어
00:52:26.67,00:52:53.20,좋아요 약간 현대미술처럼 돼가는데 음
00:52:56.19,00:53:06.15,어디 보자x4
00:53:38.92,00:53:45.87,시청해주셔서 감사합니다.
00:54:01.59,00:54:29.93,이거 정말 정말 정말 보이는 대로 그대로 느낀 바를 그냥 적으면 정답입니다 가슴이나 깎아야지 레바야 너 햄 유먼만 아니라 그것도 잘 드리는구나 써봐
00:54:32.68,00:54:55.45,돼지 거유 후타나리 정답은 가슴 큰 남자 이런 제시어를 제안 주신 숙사님 아주 직관적인 정답이 아니겠습니까
00:55:04.62,00:55:31.24,어디 보자
00:56:09.68,00:56:26.07,으 으 으
00:56:36.93,00:56:38.53,이걸 씨발 맞추네?
00:56:39.40,00:56:52.78,정답은 착즙이었습니다.
00:56:52.80,00:56:55.41,이거 어떻게 맞추냐고요?
00:56:55.43,00:56:55.59,근데 맞췄잖아.
00:56:55.61,00:56:59.71,어이가 없어서 참 나.. 내가 못 맞출 문제를 문제냈어?
00:57:03.02,00:57:21.82,1등은 검은개미님!
00:57:21.84,00:57:31.15,무데또 디지캐럿 지폭천성 캐비어 안티스파이럴 자쿠즐의 노눈 아 노눈 너무 잘 그렸어 가디언
00:57:34.09,00:57:39.79,리코리스 리코일 랑종은 누가 봐도 랑종인데?
00:57:52.67,00:57:57.44,너무 잘 그렸다 송이버섯 빙과 무츠키 LP 태양 가슴 큰 남자
00:57:59.19,00:58:03.12,이게 가장 맞추는 데 오래 걸린 것 같아요.
00:58:03.38,00:58:15.84,종이버섯은 거근 그려놓고 우기고 있어.
00:58:17.16,00:58:17.48,아주 훌륭했습니다.
00:58:17.50,00:58:24.31,"깜짝이야, 빨리 넘겨."
00:58:24.43,00:58:26.10,제시어를 제안 주세요.
00:58:32.93,00:58:40.05,헐 아이스크림이 나왔나 뭔가 이게
00:59:37.88,01:00:07.59,오늘의 간식은 옥동자!
01:00:07.61,01:00:07.67,음~~
01:00:12.81,01:00:30.16,게시어 애니메이션 영화 물건 사물 애니 캐릭터 전부 뭐 이거 저거 다양하게 신청해 주시면 되겠습니다 하나만 딱 정해라고?
01:00:31.36,01:00:33.62,그러면 너무 안 그래도 빨리 맞추는데 내가 더 빨리 맞추지
01:00:47.94,01:00:50.77,런센스로 내라고?
01:00:51.07,01:01:13.21,런센스 내면 또 이게 왜 그거냐 하면서 불평불만 다 할 거면서 잠깐 아이스크림 먹는 동안은 못 끓이니까 휴식 타임 가지도록 하겠습니다 음
01:01:23.77,01:01:48.24,달다!
01:01:53.99,01:02:17.80,제시어 보고 있으니까 한숨만 나온다.
01:02:17.82,01:02:17.96,음 맛있어요.
01:02:17.98,01:02:18.58,표정이 시바 어디 한 번 짓걸려고 하는 거 같네 크크.
01:02:18.60,01:02:20.16,나만 옥동자 먹을 때 겉에 바닐라 먼저 다 벗겨 먹음?
01:02:20.18,01:02:20.30,헐 저도요.
01:02:20.32,01:02:20.54,방금 그렇게 먹었어.
01:02:21.97,01:02:25.56,최애 아이스크림 뭐임?
01:02:25.58,01:02:25.70,난 조스바.
01:02:25.72,01:02:26.54,난 메로나가 정백이네.
01:02:26.56,01:02:31.60,7개월째 구독 인사 못 받았는데 오늘은 해주려나.
01:02:33.45,01:02:49.97,구독 고마워요.
01:02:49.99,01:02:50.11,감사합니다.
01:02:50.13,01:02:50.33,슬슬 그만 받을까?
01:02:51.99,01:03:18.80,아니야 일단 다 먹자 끊고 먹으면 되지 않냐고?
01:03:18.82,01:03:19.52,아이스크림 어떻게 끊고 먹어 그럼 나도 구독 읽어줘
01:03:19.55,01:03:43.08,아 구독 고맙습니다 19개월 구독 고마워요 여기 닉네임 다 뜨니까 걱정 마 음~~
01:03:46.16,01:04:10.25,아이고 만원 후원 고맙습니다 아리가또 아니요 거의 다 먹었어요 걱정 마세요
01:04:22.34,01:04:50.19,자 이제 골라보도록 하겠습니다.
01:04:50.57,01:05:14.73,음~~ 음~~
01:05:24.17,01:05:41.71,오 주제는 많은데 어제 그렸던 것들이 되게 많네요
01:05:50.61,01:06:16.74,이거 보면서 드는 생각은 우린 세종대왕님에게 사과라는 걸 해야 한다는 거야 이 좋은 한글로 이상한 행동을 만들잖아 내가 그런 바보라는 말까지 들어야 돼?
01:06:16.76,01:06:16.98,어디 보자 어디 보자
01:06:19.96,01:06:24.03,아이스크림 자위는 뭐냐?
01:06:24.05,01:06:48.20,대체 어떻게 제시어를 그리라고...
01:06:50.07,01:07:08.15,레바는 바보일지도 모르지만 바보라서 포기하는 법을 몰라요.
01:07:08.17,01:07:08.27,23.
01:07:08.29,01:07:17.78,총구 아직 덜 그렸는데.
01:07:17.80,01:07:18.84,정답은 M16이에요.
01:07:18.86,01:07:18.92,다음.
01:07:31.29,01:07:37.50,왜?
01:07:42.55,01:07:44.63,비슷하게 흐르는데?
01:07:44.85,01:07:54.80,음...
01:08:11.20,01:08:36.79,아이씨X 금방 맞추셨네요
01:08:38.35,01:09:07.89,정답은 리틀위치 아카데미 아코의 눈을 그리고 있었는데 맞춰버렸습니다 음~~
01:09:09.91,01:09:39.65,레바형 트리거 진짜 좋아하구나?
01:09:49.85,01:09:54.30,아 안돼!
01:09:54.32,01:10:14.56,이 새끼 실루엣만 그려도 맞춰버리네 바이올렛 에버가든이었습니다 오타쿠들이 관찰력이 좋아서 참나
01:10:23.79,01:10:51.89,좀 꼬아봐?
01:10:51.91,01:10:52.09,뭘 어떻게 꼬아?
01:10:53.94,01:11:21.55,아님 다 그리고 공개하는 건 어떠?
01:11:24.39,01:11:25.55,그런 식이면... 아이!
01:11:25.57,01:11:25.69,X발!
01:11:27.35,01:11:28.01,제육!
01:11:28.03,01:11:28.41,아니야!
01:11:28.43,01:11:29.03,X발!
01:11:29.91,01:11:42.01,제육볶음에 제육을 안 그렸는데 X발 왜 맞춰!
01:11:42.03,01:11:50.17,아이 X... 제육 이렇게 주냐고?
01:11:50.18,01:11:51.73,가게 가서 먹으면 이렇게 주던데?
01:11:57.46,01:12:03.93,제육볶음 장사하시는 분인가 봐.
01:12:03.95,01:12:20.67,저기 수제 돈가스 아님.
01:12:20.69,01:12:20.97,시켜 먹으면 따로 줍니다.
01:12:20.99,01:12:21.07,어...
01:12:43.26,01:13:09.64,이건 좀 오래 그릴 수 있겠는데?
01:13:50.52,01:14:19.01,이런 제시어를 낸 사람이 잘못된 거야 난 보인 대로 그렸을 뿐 정답은 세균맨 비킹이었습니다 잘 그렸네 이런 거 고르지 말라고 뭘 고르길 기대하는 거야?
01:14:19.73,01:14:19.85,물어보자 야
01:14:24.92,01:14:48.31,정상적인 거 골라라?
01:14:48.33,01:14:48.41,음...
01:14:57.87,01:15:22.93,나이스바디 역해 오후호하게 그릴 제시어를 고르란 말이야.
01:15:22.95,01:15:23.07,요오...
01:15:27.40,01:15:56.03,"니들이 얘 잡돌이 하기 이전에 섹스, 자지, 보지, 펠라치오, 파이즈리, 게이, 교배 아저씨 같은 단어나 그만 내라."
01:15:56.05,01:15:56.15,식상하다.
01:15:56.17,01:15:56.35,식상하다 이지라.
01:15:56.37,01:15:56.65,더 튜브 카르텔 해명하라.
01:15:58.05,01:16:09.32,어디 보자.
01:16:25.42,01:16:30.64,애초에 제시어를 맨날 저런 걸 고르니까 신청을 저런 걸로 하는 거지 이게 어떻게 우리 잘못이지?
01:16:59.15,01:17:00.24,럭키스케베
01:17:30.30,01:17:39.14,어떻게 맞췄지?
01:17:39.15,01:17:41.96,이거는 아직 많이 덜 그렸는데?
01:17:41.98,01:17:51.11,저기 부계정으로 맞춘 거 아니야?
01:17:58.44,01:17:58.72,님 엉덩방아가 뭔지 모름?
01:17:58.78,01:17:59.16,그렸잖아 엉덩방아 어떻게 맞췄지?
01:18:15.07,01:18:39.46,주지 쪽쪽이라는 제시어 대신 그래요 나 레바방송 봐요 님 이 새끼 활동제한 좀 주세요 왜 제시어 아무거나 적으면 다 되는 줄 알아 엉덩방아찌키가 아니라 엉덩방아찌키
01:18:47.40,01:18:56.27,야 그래도 웃겼다 그래도 킵고인을 하지 마라 야팔 크크크크
01:19:17.44,01:19:29.00,왜?
01:19:29.02,01:19:33.41,왜 맞춰?
01:19:33.43,01:19:36.94,지금 버거 번 하나 그렸는데 왜 맞추냐고?
01:19:57.59,01:20:07.43,음~~
01:20:21.48,01:20:46.11,아 아 으 으
01:20:50.17,01:21:19.89,정답은 방가방가 햄토리 에드워드 오빠 리본의 뒷모습을 그려봤고요 그래도 맞추셨으니까 다행입니다 아니 왜 이건 리본이 아닌데 크크크크크크 감사합니다 햄스터는 발바닥이 없지 않나요?
01:21:20.65,01:21:42.52,아 이거는 존나 빠르게 맞추... 맞추긴 했는데 좀 기분이 좋지 않다.
01:21:42.54,01:21:43.00,잠깐만 이거 존나 못 그릴 것 같은데?
01:21:43.02,01:21:43.66,잠깐만.
01:21:43.68,01:21:43.92,원래 이렇게 생겼던가?
01:21:49.79,01:22:14.78,옛날에 아리방 들어온 그림 닮았네 ㅋㅋ
01:22:19.51,01:22:39.76,레바게이 똥구멍 진나별 이분도 활동 제안 주세요.
01:22:39.78,01:22:39.88,어어...
01:22:47.59,01:23:14.37,저거 어떻게 봐주지?
01:23:14.53,01:23:15.23,시그니엘 가봤어?
01:23:17.39,01:23:31.75,왜 어떻게 맞췄지?
01:23:44.36,01:23:44.66,유추할 만한 게 없을 텐데?
01:23:46.55,01:24:08.30,지금 반응이 딱 배경 그리려다가 맞춰버려서 당황한 느낌인데.
01:24:08.32,01:24:08.40,맞아요.
01:24:08.42,01:24:08.80,배경까지 그려야지 유추가 될 텐데.
01:24:08.82,01:24:10.08,보자마자 맞추는 저들의 변태력이 싹 고트일까 아니면 약간의 그림으로 맞추게 하는 레바 형의 표현력이 싹 고트일까?
01:24:10.10,01:24:10.24,그냥 찍었어.
01:24:10.26,01:24:11.98,형이 그리는 고급이면 뭔가 시그니엘일 것 같아서.
01:24:12.56,01:24:12.84,추론 능력이 굉장하시네요.
01:24:20.43,01:24:37.82,어디 보자...
01:24:52.09,01:25:08.87,아멘
01:25:25.77,01:25:28.26,야 이거 한철 지났는데도 맞춰?
01:25:29.48,01:25:41.30,아이 씨발 아직 전투기 날개 덜 그렸는데?
01:25:41.32,01:25:41.56,아이씨 어떻게 맞췄어?
01:25:41.58,01:25:47.92,아무튼 정답은 본바르띠일로 쿠로코띠일로였습니다.
01:26:09.41,01:26:23.32,어디보자
01:26:38.52,01:26:56.69,이제 슬슬 뇌 해킹 실력이 점점 올라... 다시 물이 오르는 것 같은데?
01:26:56.71,01:26:57.59,유튜브 보고 처음 왔는데 여기가 그 유명한 양지 방송 맞나요?
01:26:58.03,01:27:07.76,머리... 저런 머리 스타일이 한두 개가 아닐 텐데 어떻게... 보이는 거 아니야?
01:27:07.78,01:27:07.86,제시어?
01:27:07.88,01:27:08.02,안 보이는데?
01:27:23.16,01:27:53.15,이러니까 옛날 레바 그림 보고 야하다고 한 거구나 뇌에서 생체 AI가 자동으로 그림 그려주니까 일단 버튜버랑 합방하려고 음지버섯 얹고 양지에서 독버섯 키우는 짐 맞습니다
01:27:59.81,01:28:25.01,아 ㅅㅂ 시체 박스 그려야 되는데 아 야 이 개자식아 천천히 맞춰
01:28:30.47,01:28:51.80,아 뇌 해킹 실력 너무 높아 사람들
01:29:01.49,01:29:16.66,오...
01:29:37.55,01:29:49.47,아멘
01:30:24.41,01:30:51.26,으 으
01:31:03.31,01:31:04.47,와 이걸 못 맞춰?
01:31:09.23,01:31:24.27,와 진짜 와 아니 이건 초 단위로 맞출 줄 알았는데 아 이게 왜 알 가슴이냐고?
01:31:24.30,01:31:27.00,알 가슴이잖아 알 가슴이 더 작아야 된다고?
01:31:27.02,01:31:28.10,충분히 작게 그렸는데?
01:31:39.79,01:32:01.99,아이 가슴을 제대로 안 그리면 내 잘못이야?
01:32:02.01,01:32:02.31,하여튼 이번 1등은 은묵님!
01:32:02.33,01:32:02.93,이 자식은 냉장고에 계란이 아니라 타뚜알 들어있나 봐.
01:32:02.95,01:32:07.43,아이 가슴은 ㅅㅂ 뭐냐 부알 같은 가슴에 줄인 말이.
01:32:08.48,01:32:18.74,넌 어디 가서 연재할 생각 하지 말고 좀 더 인체 공부나 해라 저게 어딜 봐서 알 가슴 에임쯧... 이런 건 제육볶음 같은 건 맞춰놓고 알 가슴을 못 맞춰?
01:32:18.88,01:32:22.47,내가 잘못된 거야?
01:32:22.49,01:32:25.98,제육볶음에 제육을 안 그렸는데도 제육볶음인 걸 맞췄으면서
01:32:38.92,01:33:05.06,넌 이제 저거보다 가슴 작게 그리면 알모술끼다.
01:33:05.09,01:33:06.15,몸바른 딜러 크로코 딜러 존나 오랜만에 봐서 아이씨 존나 반가워서 존나 열심히 그리고 싶었는데.
01:33:06.17,01:33:06.73,더튜버 안 봐서 모르는데 년엔 대체 뭘 그린 거임?
01:33:06.75,01:33:07.21,여기 계신 0.1%의 여성분들 알아두세요.
01:33:07.23,01:33:07.59,레바의 가슴 최소치가 저거입니다.
01:33:07.61,01:33:07.75,이거 참...
01:33:09.18,01:33:19.41,자아...
01:33:29.46,01:33:58.29,어 근데 이것도 이것도 하고 있으니까 아예 클립스튜디오로 그림을 그려 그려보고 싶기도 한데 이거 약간 마지막 라운드로 한 다음에 한두 시간 정도 뒤에 그림방송으로 돌아오는 것도 좋겠습니다 이거 이틀 연속으로 하니까 주제가 너무 겹쳐서 막판 하겠습니다 음
01:34:01.17,01:34:12.52,지금 8시인데 10시에 온다는 뜻이냐?
01:34:12.54,01:34:12.78,오빠 어머머 너무 좋아
01:34:30.90,01:34:54.94,아멘
01:35:04.74,01:35:29.13,자 제시어 중단
01:35:40.60,01:35:44.65,음~~ 도래 도래
01:36:01.49,01:36:16.19,음...
01:36:46.93,01:37:07.98,이쯤되니까 맞출 것 같더라 자 정답은 약사의 혼잣말 주인공이고요 다음
01:37:25.19,01:37:52.58,아멘
01:37:55.53,01:38:14.96,아 정답은 명왕성이었습니다 명왕성에 커다랗게 하트가 있는게 특징이죠 음
01:38:21.94,01:38:47.14,명왕성의 하트 무늬의 약간 그..그.. 이런게 있습니다 음.. 어디보자
01:39:07.38,01:39:35.18,아멘
01:39:35.73,01:39:58.85,아 아 으 으
01:40:03.75,01:40:28.42,아 정답은 횡령주머니 좋아요 너무 어렵다고?
01:40:29.26,01:40:57.41,어디 보자 말 뷰지 제시어 주신 아그네스 타키오님 활동자님 주세요
01:41:00.61,01:41:24.43,음~~
01:41:29.61,01:41:45.54,어디 붙자 어우 조심해야겠다는 씨발놈아 야 이.. 애초에 그런 걸 제시어로 안 넣으면 되잖아
01:42:01.82,01:42:14.68,제시어 보고 있으면 글카스가 따로 없어 남자랑 남자가 번식 페토0912님 이분도 활동 제안 주세요
01:43:42.78,01:43:46.29,이런 거 제시어를 대는 놈이다!
01:43:46.31,01:43:56.16,맞추는 놈이다!
01:43:56.18,01:43:56.34,하여튼 축하해요
01:44:23.72,01:44:47.48,정답은 곤프릭스였습니다
01:44:51.95,01:44:59.03,이거는 정말 스피드 퀴즈 수준이죠 당연히 풀네임 있죠
01:45:30.72,01:45:58.58,이야... 오타쿠... 제법인 오타쿠인데?
01:46:01.18,01:46:18.38,하여튼 타카나시 리카가 이지랄하는 장면을 그려봤는데요.
01:46:18.40,01:46:21.41,아 너무 오타쿠 주제로 하면 너무 잘 맞춘다.
01:46:21.43,01:46:23.45,"영화, 아니야 영화도 잘 맞췄던데?"
01:46:39.82,01:47:03.18,으 으 으 으
01:47:07.07,01:47:23.15,엄청 신중하다고요?
01:47:23.17,01:47:27.26,신중하다기보다는 뽑을만한 게 너무 적어
01:48:01.17,01:48:10.51,봐봐 이렇게만 그려도 맞춘다니까?
01:48:10.89,01:48:28.61,하스미 젖에다가 수영복도 아직 안 그렸는데 맞춘다고
01:48:30.30,01:48:58.35,아니 주제가 아니 막 씨발 막..
01:49:00.17,01:49:24.47,마이크로 비키니 도로롱 있고 무한도전 있고 아둔토리다스 있고 똥크크 있고 아니 그릴만한 그 말한 주제가 진짜 적어요 주제 수는 많은데 씨발 이걸 뭘 뭘 맞추라고 만든건지
01:49:34.41,01:49:58.17,AV배우 이름을 씨발 왜 넣는 거야 개자식아 헐 이거
01:50:03.69,01:50:32.29,알감자 좀 제대로 그리고 싶었는데 나 알감자 되게 좋아하거든요 아쉽습니다
01:50:41.06,01:51:05.81,남자 후장 임신님 페토0912님 이 사람 밴 당하지 않았나 방금?
01:51:05.83,01:51:07.49,이 새낀 그냥 며칠 밴 주세요 활동잠 말고 알감자는 소금파임 설탕파임 난 시럽파 소금이지 알가슴은 개크게 그리더니 알감자는 개조그맣게 그래내 크크크크
01:51:12.13,01:51:31.20,으음~~
01:52:04.01,01:52:16.60,"레바님, 죄송한데 빨래 좀 해주세요."
01:52:16.62,01:52:23.97,"어떻게 맞췄지, 씨발!"
01:52:25.15,01:52:28.60,"아니, 아... 아무튼, 미래일기에서 아, 내 처음은 땡땡땡 누구, 누구 거야?"
01:52:28.62,01:52:31.46,하면서 씨발 발버둥치는 장면이 있는데요.
01:52:35.48,01:52:54.45,그런 장면도 맞추는 게 이상한 거 아닐까요?
01:53:10.41,01:53:35.70,근데 레바 미래일기 봤다고!
01:53:35.72,01:53:35.80,레바가!
01:53:35.82,01:53:35.86,왜?
01:53:35.88,01:53:36.06,난 보면 안 돼?
01:53:36.08,01:53:36.16,음...
01:53:40.09,01:54:09.51,박쥐 젖 제시어로 주신 책상 및 벙 님 이상한 돈 활동 제안 주세요 오 이게 순기능이 있구만 미친놈들을 속속 골라낼 수 있네 저 목록에 있는 글카스 주인 다 밴하면?
01:54:09.53,01:54:09.89,이 방송은 더 깨끗해질 수 있다?
01:54:42.04,01:55:11.10,진진이의 작품도 맞추는 스펀지법의 진진이의 작품 중에 하나인 대머리와 빛이에요 음
01:55:13.46,01:55:14.72,어떻게 아냐고?
01:55:14.74,01:55:29.91,근데 맞췄잖아 대머리와 빛이라고?
01:55:30.93,01:55:31.59,빛이 아니었어?
01:55:32.33,01:55:34.89,검색해도 대머리와 빛으로 나오는데?
01:55:41.83,01:56:08.24,"씨, 몰랐네?"
01:56:08.26,01:56:08.34,음...
01:56:17.64,01:56:44.82,어디 보자 아니 AV 배우 왜 이렇게 많아 나보고 뭐 어떻게 설명하라고 미친 자식아
01:56:47.66,01:57:11.66,무시해요라고 하기에는 너무 무시할게 많아요 그럼
01:57:22.45,01:57:46.30,음... 한 번 해봐 형이 두부 그리면 바로 여기 레꼬단드는 뭐 못하니 에리카인 거 바로 맞출 듯 크크크 아니 문장형 약간 이런 주제어는 씨발 절대 못 맞추잖아
01:57:59.27,01:58:19.95,카노 유라 개축
01:58:37.97,01:58:43.06,이걸 그리면서도 이걸 맞추려나?
01:58:43.08,01:59:05.85,라고 생각했는데 바로 맞춰버리네?
01:59:05.87,01:59:05.95,음...
01:59:27.28,01:59:44.24,이건 너무 직관적이었나?
01:59:44.26,01:59:46.47,뻔해 이 ㅈㄹ.. 야 이 개자식아!
02:00:02.82,02:00:26.05,통방 고빙수 한 컵에 2만 9천 원이면 싼 건가?
02:00:26.07,02:00:26.50,빙수를 몇 만 원이나 주고 사 먹어?
02:00:28.08,02:00:50.69,편의점에서 팥빙수 그 컵으로 된 거 한 삶 다음에 거기에 우유 넣어서 먹어 난 방금 몰라 넌 괜히 다만 알번 했는데
02:00:55.79,02:00:58.51,메가 커피 빙수 상타치라고?
02:00:58.83,02:00:59.01,그래?
02:00:59.03,02:01:01.21,나 메가 커피에서 빙수는 안 사서 먹어봤네?
02:01:42.56,02:01:58.36,난 지금 뚝찬미 빙수라떼 먹는데
02:02:03.62,02:02:25.76,이것도 맞추네 정답은 영왕이 하는 얘기였습니다 아무튼 란도세를 들고 있는 너 이거 싫어하잖아?
02:02:26.30,02:02:27.84,맞아요 저 1화 보다가 도망침
02:02:41.85,02:03:01.90,으음~~
02:03:09.69,02:03:27.77,목욕방송 키리더레이디 왕가슴 엉덩이가 큰 그녀 가슴 바닥달 복구노피코 언더붐 동탄미시루 감귤이
02:03:32.02,02:03:38.04,남자 후장 임신 뭐 이게 마지막 그거였네?
02:03:38.06,02:03:49.82,다레바가 좋아하는 거네 이 XXXXXXXXXXXXXXXXXXXXXXXXXXXXXXXXXXXXXXXXXXXXXXXXXXXXXXXXXXXXXXXXXXXXXXXXXXXXXXXXXXXXXXXXXXXXXXXXXXXXXXXXXXXXXXXXXXXXXXXXXXXXXXXXXXXXXXXXXXXXXXXXXXXXXXXXXXXXXXXXXXXXXXXXXXXXXXXXXXXXXXXXXXXXXXXXXXXXXXXXXXXX
02:04:09.39,02:04:28.48,도래 도래 아... 딱 갈 거가... 이렇게 이렇게
02:04:40.86,02:04:50.03,아!
02:04:50.89,02:04:51.06,안 돼!
02:04:51.34,02:04:53.28,아 돈가스 줘!
02:04:53.30,02:04:58.38,나 열심히 그리고 싶었는데!
02:04:58.40,02:05:05.69,씨발 왜 맞춰.. 지구 평평선인 줄 알았네.
02:05:05.71,02:05:06.61,아니 씨.. 아니.. 형 혹시 제시어!
02:05:06.63,02:05:09.47,풍에야서 호장자 위 사진 가지고 있는 더치도 있음!
02:05:09.52,02:05:21.76,없어 미친놈아 자 벌써 마지막 문제네요
02:05:45.38,02:06:12.33,아 이거 너무 똑바로 그리면 금방 맞출 것 같아서 약간 디스크 조각모음식으로 그려야 될 것 같은데?
02:06:19.33,02:06:22.93,"아, 안 돼!"
02:06:23.06,02:06:45.56,"이 개자식아 이야, 이렇게 말해도 맞추는구나 하여튼 K1에 나오는 타이 나카 리츠를 그려봤고요 성까지 외우고 있는 게 레전드네 하여튼 축하합니다"
02:06:46.77,02:07:04.06,아 잠깐 저 오늘따라 눈이 막 되게 무거워서 오늘 아예 쉬고 내일 저녁에 그림 방송해도 될까요?
02:07:04.07,02:07:15.61,화요일은 제가 저기 외부 활동이 있어서 다음주는 아무튼 목 금 토에 저기 킨텍스에서 행사를 뜁니다
02:07:16.67,02:07:22.14,대신 평일인 만큼 꼭 공지하고 오셈.
02:07:22.16,02:07:23.72,알겠습니다.
02:07:23.74,02:07:30.09,"아마 오더라도 한 6시, 7시쯤에 올 거예요."
02:07:30.11,02:07:37.54,"하여튼 오늘 약사의 혼잣말 그렸고 명왕성, 횡령주머니, 코코나 정수리."
02:07:37.56,02:07:40.47,근데 이렇게 보니까 존나 잘 그리긴 했네.
02:07:40.49,02:07:41.97,맞출 수밖에 없긴 하네.
02:07:48.31,02:08:12.58,본프릭스 타카나시 리카 수영복 하스미 알감자 미래일기 미래일기는 이거 미래일기 본 사람만 진짜 맞출텐데 코코넛은 저주 받은 유전자 받음
02:08:13.34,02:08:39.25,두쫑쿠 비인유 용왕이 하는 일 씨발 아니 이거 대가리 그릴 때까지만 해도 못 맞추다가 란도색을 그리니까 귀신같이 맞추는 게 씨발 징그러운 포인트였어요.
02:08:39.27,02:08:42.11,어떻... 돈까스와... 그림방송은 내일 하겠습니다.
02:08:43.39,02:08:53.31,목금토 방송 켜준 바 아니면 네오플에서 방송 켜주는 곳에 나와요?
02:08:53.33,02:08:54.23,그리고 님 여태 먹은 제육볶음이랑 돈까스 이상한 거 먹은 거 같으니 확인해보세요.
02:08:54.25,02:09:01.84,아무튼 내일 저녁쯤에 그림 방송을 하도록 하겠습니다.
02:09:01.86,02:09:04.42,근데 영 왜 용왕이 하는 일 혐오해?
02:09:05.31,02:09:24.56,혐오 레벨까지 몰라도 아무튼 제 취향 만화는 아니에요 난 용왕이 하는 일이길래 뭐 약간 그 씨발 무슨 무슨 물 속에 그 용왕 얘기인 줄 알았는데 바둑 얘기라서 오 괜찮나 보네 하고 그 바둑 뜨는 얘기인 줄 알았거든요 장기인가?
02:09:24.78,02:09:26.93,장기였던가요?
02:09:26.95,02:09:27.91,바둑이 아니라?
02:09:28.23,02:09:28.35,맞아 장기지
02:09:29.04,02:09:54.51,그래서 장기 드는 얘긴가 하고 보다가 씨발 갑자기 웬 애새끼가 갑자기 알몸으로 튀어나와가지고 아 씨발 한 다음에 껐어요 아무튼 아무튼 오늘은 이쯤하고 가보도록 하겠습니다 내일 그림방송 때 봬요
02:09:57.93,02:09:58.77,쨔네!
02:10:01.60,02:10:12.16,내일 봐요!
02:10:12.44,02:10:12.66,예아!
02:10:14.42,02:10:15.42,형 제발 수요일 오후 2시에 던파라방 보러 와줘나 그날 연차 냈단 말이야.
02:10:15.44,02:10:15.92,그때도 올 수 있으면 공지를 하도록 할게요.
02:10:15.94,02:10:16.04,푹 쉬어.
02:10:16.06,02:10:16.12,쨔네!
